datetime,open,high,low,close,volume
2026-03-12T12:00:00+00:00,0.8607899999999988,0.8616299999999988,0.8599699999999988,0.8611099999999988,132207
2026-03-13T00:00:00+00:00,0.8611099999999988,0.8634699999999988,0.8602499999999988,0.8634399999999988,98560
2026-03-13T12:00:00+00:00,0.8634399999999988,0.8636399999999987,0.8610799999999988,0.8611799999999988,121543.09046587216
2026-03-15T12:00:00+00:00,0.8611799999999988,0.862569999999999,0.8608999999999989,0.8622099999999989,13959.368853623835
2026-03-16T00:00:00+00:00,0.8622099999999989,0.863959999999999,0.861469999999999,0.8634099999999989,83345
2026-03-16T12:00:00+00:00,0.8634099999999989,0.8635099999999989,0.862249999999999,0.862679999999999,102923.17751647576
2026-03-17T00:00:00+00:00,0.862679999999999,0.863219999999999,0.8621599999999989,0.8630599999999989,78088
2026-03-17T12:00:00+00:00,0.8630599999999989,0.8634999999999989,0.8621399999999989,0.8628099999999989,99816
2026-03-18T00:00:00+00:00,0.8628099999999989,0.863429999999999,0.861849999999999,0.863309999999999,67046
2026-03-18T12:00:00+00:00,0.863309999999999,0.864149999999999,0.861649999999999,0.863229999999999,146415
2026-03-19T00:00:00+00:00,0.863229999999999,0.863929999999999,0.862189999999999,0.862529999999999,108472
2026-03-19T12:00:00+00:00,0.862529999999999,0.8631999999999991,0.860189999999999,0.861329999999999,192276.1153134082
2026-03-20T00:00:00+00:00,0.861329999999999,0.863409999999999,0.860509999999999,0.862939999999999,82100
2026-03-20T12:00:00+00:00,0.862939999999999,0.866939999999999,0.8623699999999991,0.866179999999999,152977.24507313655
2026-03-22T12:00:00+00:00,0.866179999999999,0.868089999999999,0.865779999999999,0.867219999999999,10712.970041217424
2026-03-23T00:00:00+00:00,0.867219999999999,0.868079999999999,0.863339999999999,0.865379999999999,179010
2026-03-23T12:00:00+00:00,0.865379999999999,0.8658899999999989,0.8632299999999989,0.8651099999999989,210271.71564438543
2026-03-24T00:00:00+00:00,0.8651099999999989,0.8663199999999989,0.8642799999999989,0.8655899999999989,115675
2026-03-24T12:00:00+00:00,0.8655899999999989,0.8664499999999989,0.8648899999999989,0.8661999999999989,151732
2026-03-25T00:00:00+00:00,0.8661999999999989,0.8673299999999989,0.865299999999999,0.8655899999999989,100843
2026-03-25T12:00:00+00:00,0.8655899999999989,0.8668499999999989,0.8647799999999989,0.8656399999999989,128436
2026-03-26T00:00:00+00:00,0.8656399999999989,0.8667599999999989,0.8649699999999989,0.8652899999999989,78037
2026-03-26T12:00:00+00:00,0.8652899999999989,0.8660599999999989,0.864179999999999,0.8654899999999989,155698.25227790434
2026-03-27T00:00:00+00:00,0.8654899999999989,0.8668999999999989,0.8652299999999989,0.8668299999999989,83290
2026-03-27T12:00:00+00:00,0.8668299999999989,0.8684399999999989,0.8663699999999989,0.8679399999999989,113202.02512562813
2026-03-29T12:00:00+00:00,0.8679399999999989,0.869199999999999,0.8666799999999989,0.868879999999999,11320.119038301766
2026-03-30T00:00:00+00:00,0.868879999999999,0.869569999999999,0.868079999999999,0.8688299999999989,82195.07847058824
2026-03-30T12:00:00+00:00,0.8688299999999989,0.8706599999999989,0.8684099999999988,0.8705599999999988,107350
2026-03-31T00:00:00+00:00,0.8705599999999988,0.8708199999999988,0.8684299999999988,0.8690599999999988,106437
2026-03-31T12:00:00+00:00,0.8690599999999988,0.8752499999999988,0.8689299999999989,0.8752299999999987,184870.4039419677
2026-04-01T00:00:00+00:00,0.8752299999999987,0.8755299999999988,0.8723899999999988,0.8726299999999988,118067
2026-04-01T12:00:00+00:00,0.8726299999999988,0.8740099999999987,0.8708299999999988,0.8725299999999988,133732.50090360467
2026-04-02T00:00:00+00:00,0.8725299999999988,0.8747099999999988,0.8717799999999988,0.8737299999999988,128664
2026-04-02T12:00:00+00:00,0.8737299999999988,0.8744899999999988,0.8729599999999988,0.8741999999999989,123996.19726173108
2026-04-03T00:00:00+00:00,0.8741999999999989,0.8743399999999989,0.8735599999999989,0.8740099999999988,28434
2026-04-03T12:00:00+00:00,0.8740099999999988,0.8751399999999989,0.8729999999999989,0.8735299999999989,43506.18193969426
2026-04-05T12:00:00+00:00,0.87282,0.8732000000000002,0.8726100000000002,0.8727200000000002,8678.063410816518
2026-04-06T00:00:00+00:00,0.8727200000000002,0.8728500000000002,0.8714800000000003,0.8721000000000002,71270
2026-04-06T12:00:00+00:00,0.8721000000000002,0.8725700000000002,0.8712500000000002,0.8719600000000002,88207.62241343987
2026-04-07T00:00:00+00:00,0.8719600000000002,0.8726900000000002,0.8710700000000002,0.8725700000000002,96288
2026-04-07T12:00:00+00:00,0.8725700000000002,0.8739400000000002,0.8711400000000002,0.8718400000000002,167036
2026-04-08T00:00:00+00:00,0.8718400000000002,0.8722900000000002,0.8686400000000002,0.8687300000000002,143571
2026-04-08T12:00:00+00:00,0.8687300000000002,0.8705800000000002,0.8684600000000002,0.8703900000000002,138509.21928460343
2026-04-09T00:00:00+00:00,0.8703900000000002,0.8711400000000002,0.8701400000000002,0.8702800000000002,72991.05618546678
2026-04-09T12:00:00+00:00,0.8702800000000002,0.8712300000000002,0.8697700000000002,0.8704500000000002,116012
2026-04-10T00:00:00+00:00,0.8704500000000002,0.8717600000000002,0.8702100000000002,0.8711600000000002,66738
2026-04-10T12:00:00+00:00,0.8711600000000002,0.8715300000000002,0.8695600000000002,0.8706700000000003,86504.4468888524
2026-04-12T12:00:00+00:00,0.8706700000000003,0.8713200000000003,0.8693800000000003,0.8710900000000004,15459.771048252911
2026-04-13T00:00:00+00:00,0.8710900000000004,0.8716900000000003,0.8695900000000003,0.8700200000000003,67811
2026-04-13T12:00:00+00:00,0.8700200000000003,0.8705500000000003,0.8690900000000004,0.8701000000000003,95810
2026-04-14T00:00:00+00:00,0.8701000000000003,0.8708700000000004,0.8687200000000003,0.8688700000000004,78666
2026-04-14T12:00:00+00:00,0.8688700000000004,0.8690500000000003,0.8679300000000003,0.8686400000000003,91008
2026-04-15T00:00:00+00:00,0.8686400000000003,0.8690300000000003,0.8681600000000003,0.8687900000000003,78524
2026-04-15T12:00:00+00:00,0.8687900000000003,0.8697000000000004,0.8684000000000003,0.8693600000000004,84458.4401528565
2026-04-16T00:00:00+00:00,0.8693600000000004,0.8697000000000004,0.8686300000000003,0.8693800000000004,69488
2026-04-16T12:00:00+00:00,0.8693800000000004,0.8707600000000003,0.8684900000000003,0.8705100000000003,90600
2026-04-17T00:00:00+00:00,0.8705100000000003,0.8718300000000003,0.8704900000000003,0.8712000000000003,62814
2026-04-17T12:00:00+00:00,0.8712000000000003,0.8716200000000003,0.8689700000000004,0.8693100000000004,132360.99224575007
2026-04-19T12:00:00+00:00,0.8693100000000004,0.8703900000000003,0.8689600000000003,0.8702200000000003,12245.82892907144
2026-04-20T00:00:00+00:00,0.8702200000000003,0.8711600000000003,0.8696800000000002,0.8699500000000003,75932
2026-04-20T12:00:00+00:00,0.8699500000000003,0.8706600000000003,0.8696100000000003,0.8704300000000003,88542.60524101308
2026-04-21T00:00:00+00:00,0.8704300000000003,0.8715700000000003,0.8697200000000003,0.8699800000000003,71879
2026-04-21T12:00:00+00:00,0.8699800000000003,0.8700300000000003,0.8682400000000002,0.8688800000000003,123192.07577115064
2026-04-22T00:00:00+00:00,0.8688800000000003,0.8690100000000003,0.8680200000000002,0.8686000000000003,69077
2026-04-22T12:00:00+00:00,0.8686000000000003,0.8687100000000003,0.8657800000000003,0.8666300000000003,84300.26880347134
2026-04-23T00:00:00+00:00,0.8666300000000003,0.8674300000000004,0.8649000000000003,0.8651400000000004,90506
2026-04-23T12:00:00+00:00,0.8651400000000004,0.8673600000000004,0.8651300000000003,0.8671500000000003,117672.52802983219
2026-04-24T00:00:00+00:00,0.8671500000000003,0.8678200000000003,0.8662600000000003,0.8676000000000003,74402
2026-04-24T12:00:00+00:00,0.8676000000000003,0.8676500000000003,0.8651500000000003,0.8653400000000002,87793.65870704717
2026-04-26T12:00:00+00:00,0.8653400000000002,0.8668800000000001,0.8653400000000002,0.86673,8083.478063174128
2026-04-27T00:00:00+00:00,0.86673,0.86765,0.86641,0.8665200000000001,138063
2026-04-27T12:00:00+00:00,0.8665200000000001,0.8681500000000001,0.86592,0.86648,143424.61351968054
2026-04-28T00:00:00+00:00,0.86648,0.86839,0.8659,0.8679800000000001,190118
2026-04-28T12:00:00+00:00,0.8679800000000001,0.8681300000000001,0.86623,0.86699,105222.00430784383
2026-04-29T00:00:00+00:00,0.86699,0.86763,0.8667100000000001,0.8669800000000001,82014
2026-04-29T12:00:00+00:00,0.8669800000000001,0.86794,0.86585,0.86689,133573.80915753945
2026-04-30T00:00:00+00:00,0.86689,0.8672100000000001,0.8662400000000001,0.8665400000000001,138421
2026-04-30T12:00:00+00:00,0.8665400000000001,0.8670500000000001,0.86245,0.8629100000000001,139920
2026-05-01T00:00:00+00:00,0.8629100000000001,0.8639000000000001,0.8626000000000001,0.8634400000000001,69025
2026-05-01T12:00:00+00:00,0.8634400000000001,0.8646900000000001,0.8629300000000001,0.8630900000000001,98158.43571880937
2026-05-03T12:00:00+00:00,0.8630900000000001,0.8635200000000002,0.8620600000000002,0.8632300000000002,7129.773010979015
2026-05-04T00:00:00+00:00,0.8632300000000002,0.8643800000000001,0.8628100000000002,0.8634200000000002,86935
2026-05-04T12:00:00+00:00,0.8634200000000002,0.8646800000000002,0.8629100000000002,0.8639000000000002,109849.94840572953
2026-05-05T00:00:00+00:00,0.8639000000000002,0.8640800000000002,0.8627500000000002,0.8631100000000002,72572
2026-05-05T12:00:00+00:00,0.8631100000000002,0.8636000000000003,0.8621100000000002,0.8633000000000002,91627
2026-05-06T00:00:00+00:00,0.8633000000000002,0.8647900000000002,0.8626300000000002,0.8638200000000003,108988
2026-05-06T12:00:00+00:00,0.8638200000000003,0.8647800000000002,0.8631400000000002,0.8642000000000002,104217.56475155252
2026-05-07T00:00:00+00:00,0.8642000000000002,0.8644200000000002,0.8634900000000002,0.8641400000000001,88580
2026-05-07T12:00:00+00:00,0.8641400000000001,0.8655000000000002,0.8637300000000002,0.8652600000000001,116643.47739775173
2026-05-08T00:00:00+00:00,0.8652600000000001,0.8654900000000002,0.8638500000000001,0.8641600000000002,80057
2026-05-08T12:00:00+00:00,0.8641600000000002,0.8648400000000002,0.8634800000000001,0.8642600000000001,88047.72921225383
2026-05-10T12:00:00+00:00,0.8642600000000001,0.8652600000000001,0.8635300000000001,0.8639800000000001,8839.743309199555
2026-05-11T00:00:00+00:00,0.8639800000000001,0.8647600000000001,0.8631500000000001,0.8632600000000001,71783
2026-05-11T12:00:00+00:00,0.8632600000000001,0.8646,0.8613700000000001,0.86411,77574.20418812656
2026-05-12T00:00:00+00:00,0.86411,0.86809,0.86364,0.86615,101665
2026-05-12T12:00:00+00:00,0.86615,0.86687,0.86473,0.86531,105240.69418321892
2026-05-13T00:00:00+00:00,0.86531,0.86593,0.86309,0.86566,78718
2026-05-13T12:00:00+00:00,0.86566,0.86599,0.86414,0.8644299999999999,84557.19407171158
2026-05-14T00:00:00+00:00,0.8644299999999999,0.8652799999999999,0.8640899999999999,0.8649399999999999,74652
2026-05-14T12:00:00+00:00,0.8649399999999999,0.8700699999999999,0.86403,0.8691699999999999,97063.26052449914
2026-05-15T00:00:00+00:00,0.8691699999999999,0.87106,0.8684,0.86896,114113
2026-05-15T12:00:00+00:00,0.86896,0.8712399999999999,0.8686099999999999,0.8705999999999999,103008.60751038094
2026-05-17T12:00:00+00:00,0.8705999999999999,0.8722,0.8705999999999999,0.8717699999999999,7468.300016677984
2026-05-18T00:00:00+00:00,0.8717699999999999,0.8721999999999999,0.8691699999999999,0.8695299999999999,87624
2026-05-18T12:00:00+00:00,0.8695299999999999,0.8696099999999999,0.8657399999999998,0.8669199999999999,110602
2026-05-19T00:00:00+00:00,0.8669199999999999,0.8679499999999999,0.8657299999999998,0.8659599999999997,84047
2026-05-19T12:00:00+00:00,0.8659599999999997,0.8662699999999998,0.8648499999999998,0.8656599999999998,98231.7827017553
2026-05-20T00:00:00+00:00,0.8656599999999998,0.8660399999999998,0.8647099999999998,0.8649799999999997,92776
2026-05-20T12:00:00+00:00,0.8649799999999997,0.8650099999999998,0.8634699999999997,0.8644699999999997,109432.08734009704
2026-05-21T00:00:00+00:00,0.8644699999999997,0.8648499999999997,0.8631499999999998,0.8633499999999997,90008
2026-05-21T12:00:00+00:00,0.8633499999999997,0.8643399999999998,0.8632099999999997,0.8641199999999998,112870
2026-05-22T00:00:00+00:00,0.8641199999999998,0.8644599999999997,0.8629799999999997,0.8632699999999996,62859.602464332034
2026-05-22T12:00:00+00:00,0.8632699999999996,0.8636799999999997,0.8621499999999996,0.8626999999999997,81175.65240209931
2026-05-24T12:00:00+00:00,0.8626999999999997,0.8632899999999998,0.8619199999999998,0.8622099999999998,7235.361377377962
2026-05-25T00:00:00+00:00,0.8622099999999998,0.8623199999999998,0.8611799999999998,0.8612699999999999,49187.43764187033
2026-05-25T12:00:00+00:00,0.8612699999999999,0.8614999999999998,0.8602399999999999,0.8606299999999999,39089.47375969855
2026-05-26T00:00:00+00:00,0.8606299999999999,0.8623599999999999,0.8606199999999999,0.8622699999999999,66747
2026-05-26T12:00:00+00:00,0.8622699999999999,0.86352,0.86174,0.8633299999999999,79480
2026-05-27T00:00:00+00:00,0.8633299999999999,0.8647799999999999,0.8632899999999999,0.8647099999999999,63146
2026-05-27T12:00:00+00:00,0.8647099999999999,0.86518,0.8638899999999999,0.8644199999999999,95126.9448073798
2026-05-28T00:00:00+00:00,0.8644199999999999,0.8655799999999999,0.8642099999999998,0.8649799999999999,77239
2026-05-28T12:00:00+00:00,0.8649799999999999,0.8658799999999999,0.8644999999999998,0.8652099999999998,91594.39502331801
2026-05-29T00:00:00+00:00,0.8652099999999998,0.8666499999999998,0.8645199999999998,0.8658299999999998,68530
2026-05-29T12:00:00+00:00,0.8658299999999998,0.8660999999999999,0.8639799999999999,0.8646899999999998,92917.56840336135
2026-05-31T12:00:00+00:00,0.8646899999999998,0.8658899999999999,0.8644899999999998,0.8652899999999999,9172.463185609202
2026-06-01T00:00:00+00:00,0.8652899999999999,0.8654899999999999,0.8640699999999999,0.8641699999999999,65979
2026-06-01T12:00:00+00:00,0.8641699999999999,0.8651199999999999,0.8630199999999999,0.8636999999999999,101422.66532045654
2026-06-02T00:00:00+00:00,0.8636999999999999,0.8642699999999999,0.8633699999999999,0.8638499999999999,59434
2026-06-02T12:00:00+00:00,0.8638499999999999,0.8641499999999999,0.8624399999999999,0.86308,73401.5918265221
2026-06-03T00:00:00+00:00,0.86308,0.8635099999999999,0.8623999999999999,0.8630399999999999,63167
2026-06-03T12:00:00+00:00,0.8630399999999999,0.86405,0.8627299999999999,0.8639199999999999,83480.2871403264
2026-06-04T00:00:00+00:00,0.8639199999999999,0.8648699999999999,0.86351,0.8642799999999999,67124
2026-06-04T12:00:00+00:00,0.8642799999999999,0.86493,0.86388,0.86439,70625.55469399059
2026-06-05T00:00:00+00:00,0.86439,0.86479,0.86283,0.86364,60665
2026-06-05T12:00:00+00:00,0.86364,0.864,0.86207,0.86219,116136.51283705328
2026-06-07T12:00:00+00:00,0.86219,0.8631899999999999,0.8614799999999999,0.86296,7479.263244026977
2026-06-08T00:00:00+00:00,0.86296,0.8635799999999999,0.8621699999999999,0.8624499999999999,89904.73885689913
2026-06-08T12:00:00+00:00,0.8624499999999999,0.8640899999999999,0.86237,0.86351,89279.0146695472
2026-06-09T00:00:00+00:00,0.86351,0.86363,0.86165,0.86236,68267
2026-06-09T12:00:00+00:00,0.86236,0.86263,0.86124,0.86159,115285
2026-06-10T00:00:00+00:00,0.86159,0.86224,0.86114,0.86123,76780
2026-06-10T12:00:00+00:00,0.86123,0.8623200000000002,0.86063,0.86216,125760.48811015919
2026-06-11T00:00:00+00:00,0.86216,0.8624400000000001,0.8613100000000001,0.86216,78339
2026-06-11T12:00:00+00:00,0.86216,0.8632900000000001,0.8611000000000001,0.8617000000000001,148183.82177135407
2026-06-12T00:00:00+00:00,0.8617000000000001,0.8623600000000002,0.8613300000000002,0.8617300000000002,86182
2026-06-12T12:00:00+00:00,0.8617300000000002,0.8624900000000002,0.8606700000000002,0.8613200000000002,93370.63521657251
2026-06-14T12:00:00+00:00,0.8613200000000002,0.8636800000000001,0.8612800000000003,0.8619500000000001,15323.971326617257
2026-06-15T00:00:00+00:00,0.8619500000000001,0.8644000000000002,0.8617500000000001,0.8641000000000002,64504
2026-06-15T12:00:00+00:00,0.8641000000000002,0.8644700000000002,0.8620100000000002,0.8632700000000002,78406.18551678736
2026-06-16T00:00:00+00:00,0.8632700000000002,0.8643900000000001,0.8632700000000002,0.8638800000000002,65043
2026-06-16T12:00:00+00:00,0.8638800000000002,0.8643500000000002,0.8632200000000002,0.8640100000000002,76440
2026-06-17T00:00:00+00:00,0.8640100000000002,0.8648800000000002,0.8629500000000001,0.8639900000000001,61940
2026-06-17T12:00:00+00:00,0.8639900000000001,0.8653200000000002,0.8636200000000002,0.8644400000000001,137190.85254532838
2026-06-18T00:00:00+00:00,0.8644400000000001,0.8668300000000001,0.8641500000000001,0.86655,98088.49075174888
2026-06-18T12:00:00+00:00,0.86655,0.8675100000000001,0.86528,0.8672500000000001,109965
2026-06-19T00:00:00+00:00,0.8672500000000001,0.8674000000000001,0.8650100000000001,0.8656400000000001,82272
2026-06-19T12:00:00+00:00,0.8656400000000001,0.86677,0.8648300000000001,0.8648600000000001,63451.867655221635
2026-06-21T12:00:00+00:00,0.8648600000000001,0.86559,0.86465,0.86486,5858.662567295152
2026-06-22T00:00:00+00:00,0.86486,0.86497,0.86185,0.86198,85967
2026-06-22T12:00:00+00:00,0.86198,0.86208,0.85864,0.85961,93216.65294315785
2026-06-23T00:00:00+00:00,0.85961,0.8605,0.8589,0.85903,85482
2026-06-23T12:00:00+00:00,0.85903,0.86019,0.85849,0.85907,80700.34855403348
2026-06-24T00:00:00+00:00,0.85907,0.85927,0.85727,0.85855,91180
2026-06-24T12:00:00+00:00,0.85855,0.85988,0.8582,0.85959,100897.52879974316
2026-06-25T00:00:00+00:00,0.85959,0.8597299999999999,0.8584099999999999,0.85893,75438
2026-06-25T12:00:00+00:00,0.85893,0.85925,0.8580699999999999,0.8586199999999999,101257.14475683891
2026-06-26T00:00:00+00:00,0.8586199999999999,0.8602,0.8581699999999999,0.85952,92394
2026-06-26T12:00:00+00:00,0.85952,0.8622399999999999,0.8588899999999999,0.8588899999999999,91957.25
2026-06-28T12:00:00+00:00,0.8588899999999999,0.85961,0.8581300000000001,0.8593500000000001,5329.709242059891
2026-06-29T00:00:00+00:00,0.8593500000000001,0.85987,0.85832,0.85889,73931
2026-06-29T12:00:00+00:00,0.85889,0.85916,0.85763,0.85823,72885
2026-06-30T00:00:00+00:00,0.85823,0.85868,0.85724,0.85799,79272
2026-06-30T12:00:00+00:00,0.85799,0.85905,0.8573400000000001,0.8579800000000001,83062.95042127377
2026-07-01T00:00:00+00:00,0.8579800000000001,0.8584,0.8558600000000001,0.85638,67157
2026-07-01T12:00:00+00:00,0.85638,0.85655,0.85304,0.8534899999999999,98456.7489920127
2026-07-02T00:00:00+00:00,0.8534899999999999,0.8536999999999999,0.8512799999999999,0.8534499999999999,93616
2026-07-02T12:00:00+00:00,0.8534499999999999,0.8540999999999999,0.8521799999999999,0.8530199999999999,131850
2026-07-03T00:00:00+00:00,0.8530199999999999,0.8540899999999999,0.8528199999999999,0.8538499999999999,65991
2026-07-03T12:00:00+00:00,0.8538499999999999,0.8539999999999999,0.8526899999999998,0.8527199999999998,54371.54784760192
2026-07-05T12:00:00+00:00,0.8527199999999998,0.8527399999999998,0.8517899999999997,0.8523699999999996,6407.897001757607
2026-07-06T00:00:00+00:00,0.8523699999999996,0.8527599999999996,0.8511199999999995,0.8512999999999996,67773
2026-07-06T12:00:00+00:00,0.8512999999999996,0.8516899999999996,0.8497999999999996,0.8500599999999996,66601
2026-07-07T00:00:00+00:00,0.8500599999999996,0.8503399999999995,0.8491599999999996,0.8497699999999996,67544
2026-07-07T12:00:00+00:00,0.8497699999999996,0.8513199999999996,0.8493799999999996,0.8500799999999995,75169.12384473198
2026-07-08T00:00:00+00:00,0.8500799999999995,0.8513499999999996,0.8500299999999995,0.8505399999999995,92140
2026-07-08T12:00:00+00:00,0.8505399999999995,0.8505999999999996,0.8477699999999996,0.8486299999999994,93620.41771036334
2026-07-09T00:00:00+00:00,0.8486299999999994,0.8495999999999994,0.8477199999999994,0.8495699999999994,71259
2026-07-09T12:00:00+00:00,0.8495699999999994,0.8499999999999994,0.8477299999999994,0.8482399999999994,78485.16036821705
2026-07-10T00:00:00+00:00,0.8482399999999994,0.8484799999999993,0.8467699999999994,0.8472899999999994,70948
2026-07-10T12:00:00+00:00,0.8472899999999994,0.8483899999999994,0.8470399999999993,0.8472999999999995,69943.14544721998
2026-07-12T12:00:00+00:00,0.8472999999999995,0.8483199999999995,0.8472899999999995,0.8481199999999995,7315.7423080125045
2026-07-13T00:00:00+00:00,0.8481199999999995,0.8502699999999995,0.8477199999999996,0.8493999999999996,109733
2026-07-13T12:00:00+00:00,0.8493999999999996,0.8495899999999995,0.8476199999999996,0.8488599999999996,99371
2026-07-14T00:00:00+00:00,0.8488599999999996,0.8495199999999996,0.8479599999999996,0.8484199999999996,102040
2026-07-14T12:00:00+00:00,0.8484199999999996,0.8506499999999996,0.8478199999999996,0.8489699999999996,124978
2026-07-15T00:00:00+00:00,0.8489699999999996,0.8496199999999996,0.8468599999999996,0.8471699999999995,80151
2026-07-15T12:00:00+00:00,0.8471699999999995,0.8476899999999996,0.8416599999999995,0.8433799999999996,108195.5842262463
2026-07-16T00:00:00+00:00,0.8433799999999996,0.8454399999999995,0.8430999999999996,0.8452899999999995,75308
2026-07-16T12:00:00+00:00,0.8452899999999995,0.8454999999999996,0.8435399999999996,0.8453099999999996,70253.90799896604
2026-07-17T00:00:00+00:00,0.8453099999999996,0.8475599999999995,0.8453099999999996,0.8466999999999996,83289
2026-07-17T12:00:00+00:00,0.8466999999999996,0.8473299999999996,0.8454999999999996,0.8461799999999996,78439.62811709433
2026-07-19T12:00:00+00:00,0.8461799999999996,0.8477499999999997,0.8459999999999995,0.8474199999999996,10449.25256980697
2026-07-20T00:00:00+00:00,0.8474199999999996,0.8475899999999996,0.8460799999999996,0.8464499999999997,78025
2026-07-20T12:00:00+00:00,0.8464499999999997,0.8482899999999997,0.8458099999999996,0.8474199999999996,79303
2026-07-21T00:00:00+00:00,0.8474199999999996,0.8494499999999997,0.8465299999999997,0.8493099999999997,57895
2026-07-21T12:00:00+00:00,0.8493099999999997,0.8513299999999997,0.8490599999999997,0.8497499999999997,71559
2026-07-22T00:00:00+00:00,0.8497499999999997,0.8510099999999996,0.8494099999999997,0.8508299999999996,70437
2026-07-22T12:00:00+00:00,0.8508299999999996,0.8514799999999997,0.8496999999999997,0.8506999999999997,71264.8043722886
2026-07-23T00:00:00+00:00,0.8506999999999997,0.8519299999999997,0.8505099999999997,0.8506999999999997,72931
2026-07-23T12:00:00+00:00,0.8506999999999997,0.8521999999999997,0.8503599999999997,0.8520899999999997,85632.34962314612
2026-07-24T00:00:00+00:00,0.8520899999999997,0.8529099999999997,0.8512299999999997,0.8512899999999997,75621
2026-07-24T12:00:00+00:00,0.8512899999999997,0.8518799999999997,0.8503499999999997,0.8506299999999997,70618.05592654424
2026-07-26T12:00:00+00:00,0.8506299999999997,0.8512199999999996,0.8503599999999997,0.8505099999999997,9470.359587274197
2026-07-27T00:00:00+00:00,0.8505099999999997,0.8529799999999996,0.8504999999999996,0.8522399999999997,76895
2026-07-27T12:00:00+00:00,0.8522399999999997,0.8529899999999997,0.8511999999999996,0.8525499999999996,85669.34407405352
2026-07-28T00:00:00+00:00,0.8525499999999996,0.8531099999999996,0.8517099999999996,0.8529099999999996,68246
2026-07-28T12:00:00+00:00,0.8529099999999996,0.8541899999999996,0.8516299999999996,0.8540199999999996,75443.44848885947
2026-07-29T00:00:00+00:00,0.8540199999999996,0.8544599999999996,0.8532799999999998,0.8533599999999998,58373
2026-07-29T12:00:00+00:00,0.8533599999999998,0.8556599999999998,0.8522999999999997,0.8549499999999998,114828.0193832599
2026-07-30T00:00:00+00:00,0.8549499999999998,0.8554199999999996,0.8533499999999996,0.8543299999999996,86943
2026-07-30T12:00:00+00:00,0.8543299999999996,0.8557999999999997,0.8521899999999997,0.8532199999999996,111146
2026-07-31T00:00:00+00:00,0.8532199999999996,0.8537499999999997,0.8524099999999997,0.8531299999999996,107840
2026-07-31T12:00:00+00:00,0.8531299999999996,0.8537399999999996,0.8514299999999996,0.8520099999999996,126432.50165016501
2026-08-02T12:00:00+00:00,0.8520099999999996,0.8529999999999996,0.8520099999999996,0.8526399999999996,11427.29471624266
2026-08-03T00:00:00+00:00,0.8526399999999996,0.8537599999999996,0.8523399999999997,0.8532699999999996,78008
2026-08-03T12:00:00+00:00,0.8532699999999996,0.8543199999999996,0.8529199999999997,0.8539899999999997,72836
2026-08-04T00:00:00+00:00,0.8539899999999997,0.8543899999999996,0.8530299999999996,0.8533899999999996,69602
2026-08-04T12:00:00+00:00,0.8533899999999996,0.8545099999999997,0.8532399999999997,0.8542699999999998,71098.14520776836
2026-08-05T00:00:00+00:00,0.8542699999999998,0.8544799999999997,0.8535899999999997,0.8540099999999997,79263
2026-08-05T12:00:00+00:00,0.8540099999999997,0.8549699999999997,0.8536999999999997,0.8549399999999997,83966
2026-08-06T00:00:00+00:00,0.8549399999999997,0.8551299999999997,0.8540799999999997,0.8540999999999997,60804
2026-08-06T12:00:00+00:00,0.8540999999999997,0.8541699999999998,0.8528299999999998,0.8534199999999997,73596
2026-08-07T00:00:00+00:00,0.8534199999999997,0.8549099999999997,0.8532499999999997,0.8544499999999997,54193
2026-08-07T12:00:00+00:00,0.8544499999999997,0.8547099999999997,0.8530199999999997,0.8534299999999996,83320.71211118465
2026-08-09T12:00:00+00:00,0.8534299999999996,0.8543399999999995,0.8534299999999996,0.8541099999999995,8753.184378912916
2026-08-10T00:00:00+00:00,0.8541099999999995,0.8542299999999995,0.8529499999999994,0.8530699999999994,68882
2026-08-10T12:00:00+00:00,0.8530699999999994,0.8533899999999994,0.8510699999999994,0.8520699999999994,68042.23746539526
2026-08-11T00:00:00+00:00,0.8520699999999994,0.8525099999999994,0.8514399999999994,0.8524799999999995,61456
2026-08-11T12:00:00+00:00,0.8524799999999995,0.8526199999999995,0.8516099999999994,0.8519799999999994,57107.60471983582
2026-08-12T00:00:00+00:00,0.8519799999999994,0.8520299999999994,0.8507099999999993,0.8509099999999994,56482
2026-08-12T12:00:00+00:00,0.8509099999999994,0.8521499999999993,0.8506699999999994,0.8515999999999994,81072.9000055318
2026-08-13T00:00:00+00:00,0.8515999999999994,0.8527999999999994,0.8513599999999995,0.8523899999999994,56072.8504964539
2026-08-13T12:00:00+00:00,0.8523899999999994,0.8526199999999994,0.8516999999999993,0.8524699999999994,71245
2026-08-14T00:00:00+00:00,0.8524699999999994,0.8526299999999994,0.8515299999999993,0.8519999999999994,54716
2026-08-14T12:00:00+00:00,0.8519999999999994,0.8525699999999994,0.8515399999999994,0.8520399999999994,66851.20364105042
2026-08-16T12:00:00+00:00,0.8520399999999994,0.8535199999999993,0.8520399999999994,0.8530399999999991,5048.314810376936
2026-08-17T00:00:00+00:00,0.8530399999999991,0.8546199999999992,0.8529099999999992,0.8537799999999992,79538
2026-08-17T12:00:00+00:00,0.8537799999999992,0.8540499999999992,0.8529799999999992,0.8534399999999992,69827
2026-08-18T00:00:00+00:00,0.8534399999999992,0.8546499999999991,0.8532799999999992,0.8544599999999992,61833
2026-08-18T12:00:00+00:00,0.8544599999999992,0.8545899999999992,0.8532499999999992,0.8538299999999992,68305.54195878161
2026-08-19T00:00:00+00:00,0.8538299999999992,0.854869999999999,0.8537499999999991,0.854719999999999,63923
2026-08-19T12:00:00+00:00,0.854719999999999,0.857059999999999,0.853719999999999,0.857009999999999,94963.49983354818
2026-08-20T00:00:00+00:00,0.857009999999999,0.8571199999999991,0.855599999999999,0.8557599999999991,86077
2026-08-20T12:00:00+00:00,0.8557599999999991,0.8560499999999991,0.8548499999999991,0.8552899999999991,89749.77762544557
2026-08-21T00:00:00+00:00,0.8552899999999991,0.8562499999999991,0.8548799999999991,0.855349999999999,91536
2026-08-21T12:00:00+00:00,0.855349999999999,0.8556899999999991,0.853789999999999,0.853899999999999,76554.30438784903
2026-08-23T12:00:00+00:00,0.85573,0.85635,0.8553,0.8555999999999999,4851
2026-08-24T00:00:00+00:00,0.8555999999999999,0.8562199999999999,0.8553599999999999,0.8553999999999999,64972
2026-08-24T12:00:00+00:00,0.8553999999999999,0.8558899999999999,0.8548399999999999,0.8555399999999999,61935
2026-08-25T00:00:00+00:00,0.8555399999999999,0.8556599999999999,0.8546199999999999,0.8552899999999999,78052
2026-08-25T12:00:00+00:00,0.8552899999999999,0.8561799999999999,0.85467,0.8555099999999999,74406
2026-08-26T00:00:00+00:00,0.8555099999999999,0.8564799999999999,0.8551899999999999,0.85617,54711
2026-08-26T12:00:00+00:00,0.85617,0.85742,0.856,0.85725,69936
2026-08-27T00:00:00+00:00,0.85725,0.85788,0.85703,0.85738,73052
2026-08-27T12:00:00+00:00,0.85738,0.85783,0.85639,0.85711,88383
2026-08-28T00:00:00+00:00,0.85711,0.8574900000000001,0.85677,0.85726,63698
2026-08-28T12:00:00+00:00,0.85726,0.8577100000000001,0.85518,0.85565,96280
2026-08-30T12:00:00+00:00,0.85512,0.85593,0.85485,0.8559,4969
2026-08-31T00:00:00+00:00,0.8559,0.85677,0.85537,0.85653,80160
2026-08-31T12:00:00+00:00,0.85653,0.85753,0.85607,0.85753,73585
2026-09-01T00:00:00+00:00,0.85753,0.85755,0.856,0.85646,73096
2026-09-01T12:00:00+00:00,0.85646,0.85781,0.85633,0.8577,71441
2026-09-02T00:00:00+00:00,0.8577,0.85878,0.85676,0.85853,75398
2026-09-02T12:00:00+00:00,0.85853,0.85949,0.8582299999999999,0.85927,83116
2026-09-03T00:00:00+00:00,0.85927,0.86079,0.85916,0.86053,83115
2026-09-03T12:00:00+00:00,0.86053,0.86067,0.85845,0.8595,89455
2026-09-04T00:00:00+00:00,0.8595,0.85967,0.85818,0.85873,80364
2026-09-04T12:00:00+00:00,0.85873,0.85976,0.85855,0.85899,79270
2026-09-06T12:00:00+00:00,0.85858,0.85927,0.85817,0.85917,5422
2026-09-07T00:00:00+00:00,0.85917,0.85954,0.85835,0.85891,58892
2026-09-07T12:00:00+00:00,0.85891,0.85905,0.85775,0.85835,33266
2026-09-08T00:00:00+00:00,0.85835,0.85888,0.85731,0.85741,67241
2026-09-08T12:00:00+00:00,0.85741,0.85885,0.85704,0.85852,65449
2026-09-09T00:00:00+00:00,0.85852,0.85931,0.85815,0.85874,64562
2026-09-09T12:00:00+00:00,0.85874,0.85951,0.85783,0.85861,78717
2026-09-10T00:00:00+00:00,0.85861,0.85912,0.85837,0.85867,57527
2026-09-10T12:00:00+00:00,0.85867,0.85998,0.85855,0.85941,103810
2026-09-11T00:00:00+00:00,0.85941,0.85967,0.8581,0.85838,76792
2026-09-11T12:00:00+00:00,0.85838,0.85849,0.85706,0.85724,91412
